cycles,value,time
200,54.7168,11.5503
200,57.9141,12.2953
200,60.4376,12.1559
200,57.2437,12.0769
200,56.6603,11.2861
200,53.6952,11.8855
200,54.7368,11.4271
200,55.3907,11.506
200,57.2943,11.737
200,57.6963,11.934
200,55.5519,12.3428
200,53.4826,12.0712
200,55.6886,12.035
200,55.4089,11.8161
200,57.44,12.2781
200,54.5415,12.112
200,60.3763,12.33
200,59.8101,11.6511
200,54.9124,11.3492
200,56.1154,12.3508
200,53.9188,11.4591
200,55.2356,12.2341
200,56.9837,11.527
200,59.2726,12.055
200,56.0142,11.969
200,61.3748,11.726
200,56.2969,11.5351
200,59.7859,11.7938
200,54.5884,11.7829
200,55.3553,12.5091
200,54.9968,11.842
200,54.6243,10.9761
200,56.8941,11.6551
200,56.5536,11.5021
200,57.6306,12.246
200,53.9999,11.741
200,60.611,12.061
200,53.6131,12.101
200,60.9497,11.521
200,54.5538,10.941
200,56.1103,11.137
200,59.9205,11.382
200,51.0153,11.722
200,58.9271,11.874
200,53.5819,11.6978
200,55.5735,11.8392
200,61.6543,11.1671
200,62.0227,11.837
200,55.4312,11.679
200,56.2822,12.467
200,56.7352,11.6271
200,57.0326,11.473
200,62.1259,11.726
200,55.1448,11.193
200,61.1602,11.346
200,56.3282,10.1651
200,55.0392,10.5229
200,56.6181,10.19
200,53.1716,9.95
200,53.505,9.898
200,53.2712,10.4021
200,55.4825,10.8197
200,60.8451,10.7812
200,54.1619,10.274
200,61.4233,9.962
200,56.5259,10.339
200,55.0645,9.622
200,54.8253,8.8859
200,56.97,9.8867
200,57.712,9.4603
200,56.8353,9.8821
200,55.6501,9.3911
200,53.5687,10.216
200,55.1631,10.6661
200,59.257,9.9909
200,53.1683,9.3829
200,55.6568,10.258
200,54.3555,9.8113
200,57.4345,9.6959
200,54.5126,10.006
200,56.0794,9.147
200,55.6063,10.1421
200,60.7504,9.8575
200,54.1987,9.9591
200,55.081,9.838
200,55.7972,10.0438
200,56.5556,10.195
200,55.5325,10.1321
200,57.0106,9.7129
200,54.8408,10.3276
200,55.6367,10.5465
200,55.8488,9.8851
200,55.3465,10.0397
200,58.4553,10.338
200,54.9221,9.9139
200,56.2427,10.3951
200,57.101,9.335
200,59.1475,10.067
200,54.833,10.5675
200,56.816,9.3404
50,52.7589,2.8151
50,50.7984,2.563
50,50.7343,2.7259
50,48.1268,2.476
50,55.9763,2.6709
50,46.683,2.678
50,47.4846,2.4679
50,53.9016,2.4331
50,52.081,2.2921
50,54.643,2.6066
50,47.2757,2.5644
50,56.1986,2.2912
50,53.2015,2.4909
50,58.7968,2.6176
50,48.1673,2.2021
50,54.3844,2.4752
50,55.2598,2.6571
50,46.2412,2.308
50,51.7566,2.322
50,50.9554,2.65
50,53.2242,2.3681
50,51.5392,2.6552
50,53.6035,2.6161
50,54.651,2.3015
50,52.3255,2.5831
50,47.761,2.4221
50,52.9964,2.273
50,46.9972,2.186
50,49.0164,2.5751
50,51.9367,2.7511
50,45.5361,2.4197
50,53.3753,2.6129
50,50.5375,2.716
50,46.4966,2.4579
50,53.419,2.337
50,47.127,2.6923
50,45.683,2.4063
50,50.1236,2.6843
50,57.7253,2.373
50,52.4594,1.9888
50,55.6843,2.5882
50,51.7259,2.2749
50,51.839,2.261
50,51.6375,2.109
50,51.771,2.5191
50,51.4861,2.626
50,51.1548,2.513
50,52.5878,2.6237
50,54.6658,2.6803
50,53.7668,2.563
50,48.1281,2.277
50,47.8589,2.549
50,54.9407,2.2208
50,55.5185,2.5791
50,50.8658,2.5809
50,54.9263,2.4612
50,52.287,2.498
50,46.8945,2.1291
50,53.5175,2.4019
50,48.8397,2.491
50,47.935,2.4469
50,47.8576,2.689
50,47.536,3.0367
50,48.0513,2.7058
50,54.8694,2.761
50,55.5306,2.729
50,55.3935,2.232
50,48.135,2.455
50,47.6991,2.557
50,58.8369,2.4799
50,60.9182,2.3003
50,55.4815,2.0556
50,55.0065,2.542
50,51.7027,2.5805
50,52.7579,2.6774
50,54.1611,2.49
50,52.2207,2.527
50,47.8558,2.77
50,56.8985,2.4811
50,53.4458,2.659
50,47.2184,2.2631
50,52.8395,2.5039
50,52.9987,2.5779
50,52.8245,2.4138
50,45.8688,1.9663
50,57.4586,2.549
50,51.0011,2.291
50,52.822,2.428
50,52.8674,2.802
50,53.5336,2.884
50,59.7504,2.5951
50,51.5071,2.533
50,53.7332,2.4633
50,46.1807,2.3869
50,53.01,2.7229
50,54.0183,2.677
50,53.4414,2.55
50,56.0054,2.4909
50,53.4371,2.3671
50,54.9239,2.188
400,55.5603,21.9005
400,61.3787,19.3215
400,54.2587,21.3429
400,57.0983,20.018
400,56.6708,20.1165
400,59.1632,22.6927
400,55.3103,19.9226
400,56.9644,20.4604
400,59.5814,20.151
400,59.7636,19.4771
400,56.4499,21.1747
400,55.4194,22.4441
400,61.8065,22.5685
400,52.6737,21.0566
400,62.6935,22.1141
400,57.6684,23.612
400,56.5597,19.717
400,56.7745,21.7402
400,61.7191,21.0415
400,56.7206,21.9951
400,57.3457,19.7703
400,59.6868,19.5578
400,57.3657,20.3331
400,62.7741,21.9919
400,62.4833,18.2328
400,54.2782,21.1264
400,56.9235,22.13
400,59.8402,22.9699
400,59.7574,22.3804
400,54.4589,23.5698
400,56.2534,20.5608
400,61.4591,21.6591
400,61.6708,23.808
400,55.7758,19.9986
400,60.8522,22.7952
400,58.3832,20.8127
400,57.856,21.6424
400,53.4441,20.885
400,63.0026,21.7681
400,60.3219,22.4642
400,53.3673,20.6175
400,56.8554,20.4603
400,57.8434,19.8335
400,54.7151,22.6889
400,54.0681,19.7678
400,57.044,20.358
400,58.3557,20.3491
400,55.6288,22.0108
400,60.8356,22.6771
400,56.2498,19.1305
400,55.3085,22.511
400,60.8196,18.9747
400,61.9623,23.3138
400,55.5703,22.002
400,58.7659,22.1957
400,54.822,23.0479
400,57.5228,20.6406
400,61.5447,20.0858
400,54.8838,22.9613
400,54.9987,19.0926
400,58.3071,19.7533
400,60.7052,21.3498
400,57.7124,20.3949
400,58.0768,20.3375
400,55.1566,22.4982
400,62.0284,21.676
400,54.5032,22.0778
400,55.2229,22.5359
400,60.2332,22.2021
400,56.0029,19.7254
400,57.8321,21.2568
400,57.6153,20.226
400,57.0572,20.888
400,61.1218,20.3103
400,59.7033,23.65
400,55.9558,22.8327
400,59.5839,20.8198
400,57.5458,22.3064
400,55.8726,22.5977
400,57.2587,19.2893
400,56.9734,20.8955
400,54.0292,19.7789
400,60.8371,23.7506
400,55.3696,19.8631
400,57.2868,22.0816
400,57.5336,19.261
400,55.5814,21.0492
400,57.7436,21.6875
400,56.7161,20.8173
400,55.444,21.9729
400,60.2967,23.2919
400,58.2587,22.3361
400,55.847,23.1288
400,55.742,24.5861
400,57.8618,20.4474
400,57.8439,22.2025
400,55.4649,21.9363
400,61.6695,21.7473
400,55.498,22.0933
400,56.6842,21.1893
400,55.3221,20.8469
400,57.058,22.0078
400,59.7929,20.5335
400,59.8706,16.4343
400,58.4806,24.3838
400,55.0605,21.3683
400,60.3371,21.0393
400,55.1741,23.0662
400,57.0847,22.2813
400,56.8381,19.8848
400,57.1661,22.4995
400,57.2774,22.122
400,61.5417,20.1914
400,60.6722,22.3556
400,56.0859,22.8992
400,61.3147,19.814
400,58.1973,22.4914
400,55.1196,20.71
400,62.1168,17.8186
400,54.9304,21.4976
400,61.5925,18.3836
400,57.7825,19.2316
400,56.9337,22.8348
400,59.0737,21.6529
400,55.1834,23.3618
400,55.4262,21.8414
400,55.9443,22.0299
400,61.1561,20.8144
400,56.2634,22.113
400,60.2796,21.4188
400,57.8776,21.8217
400,58.0276,20.8911
400,62.7171,21.3816
400,56.1065,22.3162
400,55.7942,19.9163
400,56.6631,20.0574
400,59.0804,21.1769
400,58.3045,19.0427
400,57.3037,20.9231
400,63.8412,21.3188
400,62.2264,19.87
400,57.028,19.6938
400,57.9413,20.9473
400,57.893,20.4415
400,56.0425,18.614
400,59.4019,21.983
400,56.6763,21.4279
400,61.8192,22.0338
400,57.4111,20.8697
400,57.9613,21.3044
400,58.1187,19.3926
400,55.8087,22.6275
400,61.1401,21.0343
400,54.5071,21.7165
400,58.5011,19.9651
400,57.2645,20.0217
400,55.7696,21.8918
400,59.3001,19.873
400,55.7242,21.5835
400,57.628,23.3855
400,57.5498,21.8505
400,56.0312,22.2576
400,63.1027,20.8016
400,60.6035,22.2829
400,59.0516,20.5712
400,60.7059,23.0923
400,62.5937,22.8248
400,55.4192,21.5394
400,58.0764,22.9336
400,56.6543,21.7131
400,55.2999,21.2472
400,62.5013,23.1312
400,60.6415,21.298
400,55.7923,23.911
400,55.3376,22.394
400,57.2545,19.956
400,61.7101,22.1756
400,56.8638,18.7846
400,58.215,20.3013
400,57.0721,21.5372
400,53.7941,20.5162
400,60.7758,22.0966
400,56.1527,20.1676
400,61.746,23.6665
400,55.4344,23.0668
400,61.9447,19.1694
400,58.0342,21.8265
400,60.6648,18.9254
400,56.5863,22.3509
400,56.2513,22.1814
400,55.411,22.3517
400,56.9644,21.8888
400,55.3465,22.0789
400,61.912,21.8629
400,57.7781,20.7714
400,56.7741,20.4397
400,59.7412,18.3817
400,57.5359,21.4611
400,62.3163,22.2338
400,55.8222,21.5137
400,55.8172,18.8638
400,61.4707,20.2027
400,59.2967,19.8731
400,57.0389,21.1727
400,58.6672,22.6077
400,59.712,17.9824
400,60.184,21.2066
400,49.0321,22.0418
400,58.0173,24.4582
400,55.6467,23.6843
400,56.4938,22.439
400,55.9203,20.8078
400,54.5328,20.7399
400,58.5379,22.3204
400,53.4052,21.8079
400,57.7849,21.7839
400,56.8927,19.6134
400,62.7998,19.0131
400,55.0507,21.8798
400,55.7088,18.0689
400,61.0567,21.8129
400,61.478,21.3783
400,56.6475,21.7313
400,56.3139,21.1291
400,60.7454,21.7692
400,56.6458,22.8297
400,57.7696,22.0269
400,56.1063,21.9864
400,56.2149,21.501
400,55.5724,21.0602
400,62.5667,19.0149
400,55.0054,21.6191
400,59.9869,21.0695
400,54.8591,21.956
400,56.9429,19.0813
400,58.008,22.2386
400,57.1391,20.3812
400,56.5964,20.6556
400,61.1853,18.5889
400,61.3947,21.4321
400,59.0896,18.8402
400,57.4272,20.3391
400,60.6372,23.211
400,56.0299,22.3664
400,57.1028,20.6752
400,57.3623,18.3641
400,57.795,21.2857
400,56.2461,23.8115
400,62.3292,21.5049
400,59.2148,20.7457
400,57.0976,21.5839
400,61.3611,21.1266
400,61.9886,21.9808
400,61.966,19.2273
400,57.5188,21.5833
400,58.1526,21.5277
400,56.345,20.2494
400,54.9269,20.1969
400,62.4536,22.0081
400,56.148,22.9306
400,57.3498,20.4153
400,61.1694,20.0038
400,62.9116,21.1635
400,55.546,21.3011
400,56.1763,21.687
400,57.1117,23.1788
400,56.1069,21.4642
400,62.0213,21.062
400,62.3737,21.377
400,57.3465,20.5986
400,60.9574,22.4401
400,57.8303,20.637
400,56.6024,23.5731
400,62.3408,23.9375
400,57.6444,22.8952
400,56.2862,20.3435
400,62.1569,20.7458
400,60.6637,21.1144
400,57.382,23.949
400,56.1258,21.5943
400,57.6005,20.2457
400,60.856,20.032
400,57.0575,20.016
400,60.7389,21.5419
400,56.2337,23.109
400,61.7269,20.1923
400,59.0727,21.11
400,55.7922,21.3613
400,58.1645,22.0751
400,55.2588,22.1417
400,62.296,19.7292
400,55.0004,23.2921
400,63.2184,21.3775
400,56.0415,21.219
400,53.9177,20.7417
400,62.5691,20.9642
400,57.3016,21.7463
400,54.9081,20.8292
400,62.6816,18.9032
400,57.5379,20.5591
400,61.9377,20.4703
400,56.9727,21.2336
400,55.5217,20.7053
400,54.9975,22.9086
400,57.563,19.8227
400,56.1832,19.8372
400,56.9295,19.6215
400,58.1849,20.2596
400,55.99,22.5962
400,57.5639,22.8768
400,62.9327,21.8829
400,57.7969,23.0516
400,60.248,21.1118
400,55.5359,20.0569
400,56.1943,22.0396
400,59.2562,22.997
400,57.4634,20.9401
400,61.0372,20.2783
400,57.0186,21.2342
400,59.4088,21.6808
400,57.5159,21.2823
400,63.7424,19.882
400,55.5268,22.642
400,58.7641,22.0214
400,57.0993,21.5825
400,55.6449,19.4368
400,58.1068,21.305
400,60.9377,23.0004
400,60.1788,23.525
400,55.0922,21.8949
400,55.8187,20.664
400,58.6323,22.0917
400,56.0691,21.6365
400,55.1207,19.7021
400,60.6338,20.513
400,55.111,22.8475
400,55.4605,23.6729
400,59.3635,21.5589
400,54.9749,19.4906
400,58.1563,20.9804
400,56.0091,20.9988
400,60.1237,22.0187
400,61.0926,20.5096
400,55.1754,22.0019
400,63.3161,21.5811
400,60.3517,20.8745
400,62.1813,22.6217
400,55.7356,19.7517
400,55.3002,21.4909
400,62.6934,21.8815
400,61.4637,23.099
400,62.2949,20.8513
400,62.7832,21.6137
400,55.0886,20.7207
400,60.2377,21.2721
400,54.3138,20.0425
400,62.3519,20.9186
400,56.7816,21.7117
400,57.7423,22.0236
400,57.1321,23.829
400,56.9034,19.1548
400,58.0439,18.73
400,61.768,22.7429
400,62.9781,20.9941
400,60.5429,24.0763
400,57.5543,20.8355
400,57.0417,22.1091
400,62.3064,21.7684
400,54.6656,19.2579
400,60.5069,19.72
400,56.9893,21.9091
400,60.1553,21.8
400,56.6652,18.2575
400,55.7646,18.551
400,55.595,21.3249
400,59.9532,22.8424
400,56.4271,19.3029
400,61.1594,22.909
400,58.7549,20.6823
400,57.921,22.8732
400,61.2071,21.6491
400,55.6957,21.9172
400,60.5743,21.8785
400,60.6803,21.4599
400,55.1757,21.7847
400,57.3744,21.0046
400,55.1022,20.1477
400,61.5835,21.5415
400,56.9056,21.0985
400,63.1027,19.9031
400,61.182,21.4939
400,56.294,20.3109
400,55.6067,19.6425
400,60.418,19.561
400,61.1041,20.4406
400,62.762,22.7027
400,58.3653,20.7004
400,56.8402,21.0941
400,62.4903,23.2055
400,64.0543,23.247
400,62.3555,19.2865
400,56.3933,22.6525
400,55.1503,22.7283
400,61.1252,21.0053
400,55.866,22.156
400,56.3507,23.0449
400,56.9069,21.3452
400,61.2757,21.9241
400,57.9134,21.1258
400,58.1313,22.0876
400,60.5214,21.8132
400,59.4335,23.8311
400,62.2227,21.6276
400,62.4351,21.7158
400,58.7474,18.3831
400,59.1204,19.9606
400,54.1782,20.2443
400,62.2727,20.7582
400,55.0154,20.6067
400,56.2793,20.3902
400,58.3421,19.5255
400,57.8572,18.8123
400,60.5927,21.666
400,59.1615,22.0098
400,55.4356,16.568
400,56.9478,15.0187
400,57.8975,15.4096
400,58.2617,14.8821
400,58.1989,15.4285
400,63.1937,14.3914
400,55.43,15.8903
400,57.3326,15.3364
400,62.4309,15.3622
400,56.9897,14.7984
400,55.6474,15.2005
400,59.8923,15.42
400,57.8041,14.8391
400,56.9964,15.2976
400,60.5773,14.8735
400,61.742,15.1061
400,61.0155,15.0469
400,58.832,14.7743
400,58.6714,15.5879
400,56.1889,15.5361
400,55.8819,15.4996
400,60.3781,14.9367
400,60.6013,15.1693
400,54.5781,15.2113
400,60.8235,14.7821
400,59.5697,15.236
400,54.9521,15.1625
400,56.9507,14.945
400,55.1305,14.4068
400,54.8679,15.7479
400,55.5011,15.7176
400,57.1233,15.4726
400,56.3802,14.9859
400,61.4808,15.1367
400,58.4838,15.1582
400,62.0998,15.067
400,57.4832,14.5905
400,61.7998,15.2939
400,62.0471,15.2196
400,55.1103,15.1426
400,57.8631,15.0122
400,59.0289,14.8917
400,59.6825,15.6111
400,56.8111,15.4106
400,54.014,14.3514
400,61.0079,14.8816
400,57.6474,15.1957
400,55.3085,14.8883
400,59.7587,14.7037
400,61.6996,14.703
400,56.2263,14.7643
400,55.2491,14.8911
400,61.0779,14.745
400,55.5467,14.8144
400,59.6494,15.816
400,55.4434,15.2711
400,56.9224,15.2521
400,55.5295,15.4825
400,59.9652,15.2657
400,57.9856,14.9402
400,56.3009,15.352
400,55.7741,14.8797
400,57.2823,15.3459
400,56.3245,15.2995
400,58.5656,15.214
400,53.1889,15.3659
400,60.2237,15.5529
400,57.3207,15.2745
400,57.1243,15.0938
400,54.9278,15.089
400,55.5472,16.1633
400,60.2244,16.0556
400,55.0417,16.2119
400,60.7778,15.5031
400,55.6218,15.3813
400,62.5026,15.4906
400,56.1267,15.5551
400,55.5433,15.8037
400,57.8502,16.694
400,56.5901,15.4427
400,56.7128,15.5863
400,54.2464,15.1469
400,57.5271,15.837
400,57.4655,16.2962
400,55.9403,16.0156
400,56.5548,15.5228
400,58.7682,15.2563
400,62.2718,15.226
400,58.7965,15.553
400,62.5708,15.9776
400,60.5941,15.8402
400,63.7756,15.6151
400,55.7747,15.5833
400,60.5225,15.8994
400,56.3696,15.8526
400,54.9879,15.1646
400,57.5297,15.6458
400,61.1631,15.3978
400,55.1886,15.2251
400,62.7379,15.7589
400,58.153,15.8359
400,54.4061,15.964
400,58.2064,15.2396
400,61.9742,15.2246
400,55.6101,15.2557
400,57.8957,16.0105
400,59.6209,16.2181
400,55.5438,15.3771
400,62.6972,15.426
400,54.5356,14.8172
400,60.0939,15.8829
400,56.4336,16.2403
400,56.8412,16.1625
400,61.363,15.898
400,55.3048,15.5482
400,57.8663,15.5627
400,56.9912,15.6271
400,56.5595,15.7691
400,62.1346,14.9714
400,57.8614,15.3702
400,57.5177,15.2918
400,55.6758,15.246
400,60.512,15.6273
400,58.2589,15.4791
400,55.1208,15.9862
400,58.6094,15.3112
400,56.9219,15.853
400,58.3452,15.0806
400,56.6936,15.6265
400,60.6007,15.4707
400,60.192,15.3126
400,59.9788,15.5755
400,58.6716,15.3859
400,55.9874,15.5167
400,55.5816,15.8546
400,62.6578,15.6501
400,58.5973,15.606
400,62.0665,15.1731
400,60.3807,15.5951
400,56.9749,15.5589
400,57.319,15.5354
400,60.5363,15.8132
400,55.0505,15.9307
400,56.8062,14.9347
400,62.0824,15.86
400,57.6928,15.1914
400,55.1803,15.6496
400,61.3494,15.6205
400,59.1395,15.2715
400,59.6576,15.3623
400,58.9166,15.5772
400,54.9756,14.9939
400,55.765,15.5745
400,58.4026,15.5341
400,56.3187,15.0021
400,56.6372,15.7607
400,57.8248,15.4564
400,57.8204,15.0431
400,61.0121,15.4981
400,56.1369,16.4924
400,58.2056,15.7784
400,58.537,14.9926
400,58.3106,15.4204
400,55.9583,15.6234
400,57.5902,15.8288
400,61.4408,14.97
400,60.8913,15.0346
400,57.1033,15.7777
400,56.6214,15.17
400,60.768,15.4229
400,56.1526,15.3874
400,54.9758,16.2413
400,58.0571,15.5797
400,55.3102,15.5778
400,56.118,15.4339
400,57.7851,15.5352
400,59.5824,15.2103
400,58.8891,15.2002
400,57.9199,16.0042
400,54.5111,14.8876
400,56.4979,15.1866
400,60.2576,15.7336
400,56.7664,16.1513
400,54.4574,15.4026
400,61.1583,14.9668
400,58.8903,15.4553
400,62.0315,15.4709
400,56.7819,15.1262
400,56.6661,15.1473
400,57.1345,15.1088
400,56.7601,15.7978
400,62.0688,15.0784
400,62.3568,15.2668
400,62.7756,15.3276
400,56.5696,16.2557
400,58.5049,15.3815
400,55.4901,14.8877
400,62.6446,15.2632
400,62.2581,15.7216
400,58.0273,15.2554
400,61.0446,15.1275
400,54.7979,15.0891
400,57.0093,15.2124
400,62.7213,15.468
400,61.1179,15.7809
400,56.3617,15.0968
400,57.9055,15.5303
400,58.1288,15.6502
400,58.2068,15.2216
400,58.7401,15.4865
400,57.4222,15.5622
400,60.5939,14.8794
400,63.0887,16.0493
400,54.2298,15.4612
400,57.6393,14.9943
400,56.1895,15.2013
400,56.721,15.5083
400,58.7665,15.5583
400,61.4295,15.8191
400,55.4471,15.1201
400,55.7772,14.8859
400,56.87,15.4091
400,56.0935,15.4519
400,57.1437,15.6179
400,56.9925,15.3647
400,59.0848,15.3269
400,57.7567,15.3785
400,56.7981,15.4105
400,55.7442,15.502
400,58.1953,16.8123
400,61.3447,17.4958
400,59.5923,16.0255
400,56.2236,15.5051
400,59.9482,15.352
400,56.2932,15.5225
400,57.5032,15.7738
400,61.8384,15.712
400,55.9922,16.1026
400,59.8526,15.3021
400,62.0857,14.9273
400,55.0429,15.5382
400,61.9799,15.7276
400,57.1417,14.6124
400,58.0165,15.8275
400,56.835,15.6902
400,55.9306,15.0483
400,55.6965,15.3354
400,60.4955,15.3989
400,56.0407,15.9463
400,57.9914,15.3656
400,56.8599,15.8838
400,59.2267,15.7745
400,56.7244,15.9932
400,56.2594,15.3958
400,62.0612,15.9806
400,55.6009,15.0983
400,61.405,15.2396
400,55.1646,15.2094
400,54.2334,15.7882
400,61.7715,15.4192
400,56.4564,15.5062
400,56.0427,15.671
400,60.965,15.5052
400,56.2226,15.4447
400,57.1999,15.5385
400,61.043,15.8672
400,56.3501,14.9429
400,60.8956,15.5285
400,56.4888,15.5364
400,54.6438,15.9454
400,55.6308,15.4859
400,56.5046,15.0473
400,57.3031,15.2315
400,57.0578,15.7982
400,57.7103,15.9271
400,57.7261,16.3531
400,58.0393,15.8078
400,57.9389,15.4843
400,61.9378,15.5586
400,56.7899,15.4829
400,62.279,15.4028
400,56.8109,15.339
400,62.243,15.3333
400,59.3683,15.1871
400,55.1117,15.7882
400,61.6057,15.2234
400,54.1487,15.3422
400,60.0768,16.2064
400,55.7657,14.9828
400,61.078,15.6914
400,54.6967,15.7613
400,54.6447,14.9358
400,56.7516,15.0925
400,62.8785,15.4565
400,53.7136,15.6535
400,58.0412,15.6863
400,62.2762,15.3905
400,61.7138,15.5041
400,55.556,15.9721
400,62.1584,16.4789
400,56.9951,15.3721
400,61.4537,15.5484
400,57.6556,15.9056
400,56.9422,16.2208
400,58.9008,15.4837
400,56.5717,15.1462
400,57.1664,15.9254
400,56.2273,15.5929
400,54.9505,15.4053
400,56.0861,15.0488
400,55.6543,16.4253
400,58.0186,15.3271
400,55.7537,15.5837
400,54.9876,15.5509
400,62.3517,15.5002
400,58.426,15.2017
400,59.6661,15.1883
400,55.9972,15.7555
400,59.0624,15.3503
400,59.2413,15.3126
400,56.042,15.5273
400,55.4717,15.4082
400,60.358,16.4087
400,57.2317,15.251
400,54.2993,15.7223
400,55.8447,15.1982
400,56.9885,15.4695
400,55.7816,15.3283
400,56.0003,15.2816
400,61.3865,15.9106
400,56.0224,15.848
400,61.5934,15.2046
400,55.726,15.4542
400,60.9485,16.1001
400,61.1262,15.7902
400,57.3372,15.2661
400,57.2515,15.8253
400,55.8771,15.6713
400,56.9022,15.0581
400,60.4771,15.0316
400,62.4445,14.967
400,57.869,15.2663
400,61.9102,15.7867
400,56.8743,15.3612
400,56.6846,15.5176
400,59.0565,16.4385
400,55.9064,15.218
400,55.5343,15.4689
400,57.1797,15.5117
400,57.8567,15.5359
400,55.698,15.3143
400,61.3866,15.4907
400,55.7132,15.7648
400,55.7956,16.077
400,55.2654,15.2639
400,57.6998,15.4357
400,57.2666,15.5037
400,60.2671,16.2647
400,61.8615,15.2536
400,60.6472,15.3415
400,60.7907,15.9233
400,56.541,15.558
400,55.0135,15.4844
400,58.6732,15.1364
400,62.1033,15.298
400,60.4786,15.5464
400,55.7079,15.2333
400,54.8751,15.5328
400,56.1413,16.2324
400,57.1484,15.529
400,60.3876,15.5033
400,55.967,15.7003
400,56.9173,15.2771
400,57.1152,15.4067
400,63.2446,15.9566
400,61.8886,15.2849
400,60.6725,15.9515
400,55.6735,15.4728
400,59.7236,15.2831
400,56.9012,15.512
400,56.4572,15.6858
400,56.3979,15.462
400,56.5834,15.5194
400,55.9287,15.372
400,55.3863,15.3551
400,63.3549,15.8522
400,62.0207,15.9411
400,57.0569,15.5774
400,55.0542,15.6305
400,57.2826,15.0433
400,56.2596,15.5842
400,56.4072,15.3851
400,55.2988,16.1748
400,57.8917,15.2933
400,60.1329,15.7167
400,58.4453,15.4835
400,55.7877,15.3867
400,60.9094,15.7876
400,54.3723,15.3249
400,60.3516,16.2907
400,62.0821,15.7266
400,59.7754,16.0567
400,58.2599,15.7276
400,59.5572,16.1485
400,55.8503,15.5061
400,55.4595,15.4631
400,62.7606,15.5541
400,62.9825,15.7099
400,60.222,15.2553
400,59.2975,15.5511
400,55.5252,15.2562
400,57.4727,15.7259
400,57.081,15.509
400,55.9439,15.6165
400,61.1677,15.4906
400,56.493,15.8995
400,53.922,15.7557
400,59.8253,15.1927
400,60.5918,15.4459
400,55.5996,15.8525
400,56.5849,14.9411
400,56.9269,15.0834
400,55.0016,15.7528
400,56.0857,15.4145
400,59.4328,15.6926
400,60.8322,15.0219
400,59.4056,16.2129
400,58.928,15.6954
400,56.8452,15.6176
400,55.4351,15.0053
400,59.115,15.726
400,56.2856,15.6182
400,61.4757,15.1771
400,61.0735,15.3816
400,56.2337,15.3295
400,60.7307,15.679
400,58.1736,15.7589
400,61.4163,16.0356
400,57.0798,16.4249
400,57.5765,16.1849
400,61.8965,15.799
400,55.2816,15.4786
400,55.6099,15.9985
400,57.1066,15.3106
400,59.4714,15.6959
400,62.1943,15.8662
400,54.9584,15.4719
400,57.2926,15.7565
400,57.7986,15.5823
400,57.068,15.3792
400,61.6944,16.1954
400,55.7001,15.9542
400,61.2378,15.5311
400,54.648,15.6065
400,55.3902,15.5849
400,55.6714,15.2173
400,57.3829,15.3608
400,55.7407,15.404
400,55.8397,15.3541
400,61.3647,15.2166
400,61.4853,15.6724
400,55.5651,15.9553
400,57.7879,15.05
400,61.8403,15.3108
400,55.9919,15.3539
400,56.926,14.9941
400,55.916,15.2981
400,60.0609,15.7701
400,55.2891,15.3942
400,56.3294,15.155
400,55.3745,15.8851
400,61.1322,15.3892
400,56.5118,15.5749
400,62.2024,15.8757
400,55.4195,15.4518
400,60.0561,15.0927
400,60.0191,15.5411
400,55.7566,15.5133
400,60.8779,15.8451
400,61.1766,15.3879
400,54.5748,15.2
400,61.0315,14.9331
400,55.1367,15.2561
400,55.674,15.4647
400,60.8063,15.7434
400,55.3249,15.967
400,57.7084,15.7237
400,56.1362,15.3426
400,61.3922,15.9385
400,60.6222,15.4118
400,54.7805,15.8966
400,63.0556,15.0209
400,59.9501,15.2344
400,60.7693,15.5309
400,61.337,15.5912
400,56.0172,15.933
400,57.5381,15.9577
400,55.4146,15.2491
400,63.0621,15.1899
400,57.3324,15.4837
400,57.5152,15.5029
400,57.5745,15.8138
400,62.0352,15.6751
400,57.0911,15.8001
400,57.8882,15.4534
400,57.8608,14.872
400,59.1882,15.7494
400,55.6588,15.1412
400,57.0359,16.0815
400,56.0302,15.2307
400,61.035,14.7904
400,58.9714,15.4281
400,59.2317,15.2071
400,56.2714,15.3239
400,54.6497,15.4068
400,57.5654,14.9847
400,54.7094,15.4802
400,54.6741,15.2388
400,60.7497,15.4134
400,62.3974,15.4997
400,61.9634,15.8752
400,56.0804,15.9677
400,56.4104,15.2632
400,55.859,15.4229
400,62.2427,15.2352
400,56.979,15.4394
400,61.1005,15.2031
400,56.0531,15.2809
400,55.5024,15.3419
400,59.6615,17.1083
400,57.6545,15.455
400,56.0706,16.4111
400,60.5411,15.3746
400,55.6389,15.6087
400,61.9274,15.3152
400,61.3525,14.9933
400,57.7746,15.481
400,60.2719,15.2611
400,56.7683,15.1884
400,56.6213,15.1343
400,55.4102,15.3396
400,60.6712,15.7454
400,63.4656,15.4335
400,54.8002,16.1204
400,61.9201,15.6727
400,57.0023,15.3746
400,56.9428,15.1728
400,57.3647,15.2991
400,57.0697,15.875
400,56.0311,14.859
400,56.2076,16.1151
400,57.9403,15.7996
400,60.5366,16.0015
400,61.2862,15.5531
400,60.9717,16.3607
400,57.7216,15.2635
400,60.862,14.4806
400,56.3685,14.4226
400,59.5158,14.4603
400,61.0635,14.4087
400,62.1468,14.1311
400,54.0265,14.2283
400,57.4053,14.4962
400,62.2292,14.627
400,59.166,14.1524
400,60.8746,14.3245
400,61.387,14.8728
400,58.9848,15.0609
400,54.9117,14.838
400,60.9591,14.3421
400,57.6069,14.0714
400,61.5386,14.6824
400,57.7194,13.9791
400,58.329,14.2003
400,60.7018,14.2367
400,60.5409,14.5625
200,54.5925,10.0537
200,55.5707,10.8415
200,56.8422,9.7056
200,53.9437,10.7357
200,62.3184,10.8281
200,54.0043,10.8342
200,60.4452,11.0946
200,53.0713,11.129
200,54.4718,11.1592
200,55.8622,10.4222
200,56.1976,10.7992
200,60.4523,11.7134
200,54.0652,10.501
200,56.8277,10.7469
200,56.6015,10.558
200,53.2897,10.2331
200,53.4407,10.5483
200,57.0148,10.3893
200,54.6315,9.7538
200,55.3015,11.1123
200,52.411,11.1269
200,57.0769,10.6107
200,61.0615,11.1113
200,56.8533,10.2341
200,57.2668,11.0332
200,54.9495,10.801
200,60.0052,11.0577
200,56.2665,11.5497
200,54.4397,10.7833
200,50.9489,11.1749
200,55.0147,10.6685
200,56.0079,10.391
200,55.5796,11.1123
200,54.6563,11.2217
200,58.1308,11.0822
200,54.9768,10.8138
200,60.0402,10.7188
200,53.8504,10.482
200,54.5453,10.8936
200,55.2322,10.57
200,56.6253,11.1052
200,53.0534,11.0186
200,55.7129,10.4348
200,59.9069,11.0651
200,57.9366,10.1558
200,53.392,10.4039
200,56.9959,11.4577
200,54.6689,10.8947
200,61.4541,10.8743
200,57.279,11.1729
200,54.7165,11.4471
200,55.9516,11.1102
200,62.6085,10.3279
200,55.6851,10.6248
200,55.7602,11.6472
200,61.7687,11.6335
200,56.3318,10.2175
200,58.1894,11.1904
200,57.2998,10.2154
200,53.2864,10.0768
200,55.0052,10.8478
200,55.8727,10.1696
200,61.9389,11.5223
200,55.6069,11.4246
200,55.6805,11.7847
200,59.2907,11.2061
200,62.2429,10.0467
200,59.4931,11.1894
200,54.543,11.003
200,55.9944,11.7097
200,56.2336,11.7243
200,53.8845,10.8614
200,56.5173,10.5014
200,54.7738,9.9215
200,56.6415,10.5941
200,61.6544,11.38
200,61.0032,11.6753
200,59.5763,10.8176
200,55.7011,10.8569
200,53.072,11.004
200,48.263,9.4962
200,55.4197,10.2175
200,54.3862,11.441
200,53.1984,11.107
200,54.0166,9.8616
200,56.0175,9.5309
200,55.5362,10.2807
200,57.0884,10.2686
200,53.6058,10.2629
200,54.5908,10.454
200,54.3076,10.7425
200,54.592,10.6587
200,61.8007,11.4275
200,58.4937,11.2207
200,54.9396,11.1737
200,54.596,12.0239
200,51.6659,11.4727
200,60.5836,10.4545
200,57.4311,10.6087
200,57.9401,11.4588
200,53.5568,11.9274
200,55.182,10.3442
200,56.2465,10.3101
200,56.3143,10.347
200,54.9315,10.7549
200,55.1936,10.829
200,60.7316,10.8075
200,55.682,10.8874
200,56.3,11.3521
200,62.4864,10.1023
200,62.858,10.402
200,56.2232,11.1178
200,56.2809,11.8446
200,55.9139,12.7569
200,55.2903,10.9458
200,55.2201,10.9649
200,63.6473,11.2883
200,56.9525,10.7517
200,54.5772,11.0766
200,56.8006,10.257
200,54.105,11.0756
200,60.8588,10.7204
200,55.6553,10.6535
200,56.0378,10.6043
200,59.9421,10.6157
200,56.0054,10.7331
200,53.9526,10.7343
200,60.4407,10.527
200,54.4142,10.9335
200,54.6226,11.3268
200,55.7411,10.8226
200,54.962,10.9955
200,60.4738,11.3874
200,54.3574,11.3097
200,53.4725,10.967
200,55.6038,11.3214
200,59.1945,10.4706
200,59.05,10.105
200,55.976,10.5484
200,61.9604,11.6435
200,56.566,10.8413
200,56.3842,11.1251
200,55.1831,10.6993
200,56.0479,9.9734
200,55.1117,10.8242
200,57.377,10.5433
200,57.0809,10.3703
200,56.4639,11.0301
200,59.3657,10.6548
200,53.8969,10.9879
200,54.6695,9.9459
200,54.9017,10.3463
200,55.8761,10.4854
200,56.238,11.2597
200,54.8652,10.1498
200,53.916,9.7613
200,54.3647,10.2742
200,58.3974,9.8968
200,54.6964,9.8888
200,54.8086,10.4012
200,54.8579,10.4806
200,56.083,10.9937
200,57.9205,10.9293
200,53.1775,10.9051
200,52.8496,10.7836
200,58.3952,10.1484
200,55.0898,11.7672
200,57.5164,11.471
200,52.403,10.8984
200,54.1089,11.6708
200,57.0717,10.1765
200,53.6238,10.7187
200,55.0578,10.9162
200,55.9007,10.2621
200,56.2918,10.2295
200,61.9734,10.2772
200,54.281,10.4472
200,56.9115,10.5675
200,53.2107,12.0777
200,57.8012,10.544
200,53.0772,11.1848
200,61.1272,11.5056
200,54.9367,12.1293
200,60.9116,11.0127
200,58.9661,10.2142
200,56.7964,10.2853
200,54.5422,10.4029
200,57.1055,10.3092
200,56.4931,10.517
200,56.1015,10.2549
200,51.4336,11.0844
200,55.3138,10.7012
200,54.5634,10.3084
200,53.8899,10.7468
200,56.0522,10.7597
200,54.3223,10.7756
200,55.489,10.4915
200,55.2163,10.6973
200,56.4979,10.5032
200,54.2967,10.8195
200,54.8727,10.4446
200,56.2697,12.2789
200,59.1165,11.3874
200,59.0744,10.2591
200,55.949,10.2556
200,59.3849,11.1765
200,53.5724,11.7995
200,60.2715,9.9885
200,54.9972,10.1852
200,56.7677,12.1553
200,54.4259,12.3951
200,55.7689,10.6226
200,54.5155,8.6162
200,56.4692,11.0362
200,55.5159,10.5741
200,58.2512,9.0797
200,54.7957,11.3376
200,54.8725,10.2761
200,55.0018,11.6927
200,57.695,10.3048
200,61.8904,9.17
200,59.636,11.2833
200,60.2728,8.8144
200,54.0999,10.5538
200,61.3361,9.83
200,60.0072,11.6085
200,56.884,12.592
200,55.3221,10.5136
200,57.0523,10.3497
200,56.1474,10.9125
200,56.17,9.9509
200,62.3277,9.7139
200,55.0661,9.6578
200,57.6982,9.4542
200,55.2866,10.5867
200,56.9523,11.693
200,53.2027,11.7805
200,55.3062,10.5076
200,56.6582,11.9235
200,54.6362,10.5671
200,55.6063,10.103
200,57.5983,11.8283
200,52.4038,13.014
200,54.2037,9.7817
200,59.0148,11.2469
200,52.881,9.9289
200,56.1422,9.3286
200,54.3178,11.9035
200,54.9833,10.6961
200,54.6407,10.7328
200,55.1562,9.656
200,53.4405,11.2722
200,56.7599,10.5647
200,55.9149,10.5019
200,55.8554,12.1242
200,57.8995,11.0085
200,56.3842,9.3767
200,57.7226,9.7407
200,54.2542,8.705
200,56.4325,11.138
200,57.7264,9.4258
200,59.8063,12.2994
200,56.4954,10.7311
200,56.972,8.9054
200,61.4853,10.1463
200,54.6651,9.8035
200,58.3239,11.9776
200,54.8863,10.5051
200,58.1638,9.7274
200,60.8142,12.5461
200,58.8464,10.2135
200,55.5477,11.2516
200,61.6939,12.3548
200,56.7009,10.332
200,54.0289,10.1152
200,55.6219,9.6179
200,61.3119,9.8635
200,55.4234,11.081
200,55.694,11.205
200,61.8233,10.7663
200,54.7329,11.6416
200,57.0313,12.0631
200,57.1729,10.8002
200,58.2716,10.6679
200,54.0576,9.6587
200,54.6062,12.7085
200,61.6701,10.8845
200,56.2479,10.5063
200,56.8196,10.5941
200,54.9713,10.6637
200,52.4963,9.7922
200,53.0729,10.6084
200,53.6987,10.6363
200,53.9705,10.2901
200,54.2706,10.5623
200,54.0144,12.1625
200,58.8604,9.1786
200,52.7878,11.2539
200,55.3957,10.7549
200,56.8912,10.9755
200,53.9512,11.1124
200,54.9609,10.4513
200,59.4363,10.3322
200,54.7103,10.5543
200,55.0561,11.2753
200,51.1398,10.5903
200,57.2456,11.7932
200,54.2728,11.0739
200,56.7699,9.6729
200,59.1834,9.7077
200,55.6937,10.314
200,54.8059,9.7075
200,55.2972,10.0192
200,55.0355,10.7585
200,53.9198,9.6986
200,57.5099,11.3763
200,59.9163,10.9124
200,55.3377,11.0406
200,57.634,11.7297
200,55.0974,9.7921
200,53.8457,10.6815
200,57.6911,9.4786
200,55.1328,12.2915
200,62.8658,12.4798
200,54.3189,10.9482
200,53.6219,11.205
200,60.7316,10.1307
200,55.2124,11.0837
200,55.9709,10.4438
200,54.0964,11.0387
200,54.4458,11.249
200,61.2937,11.0966
200,53.9202,11.3574
200,56.3185,10.6883
200,59.7915,11.7585
200,53.8396,12.5325
200,57.9177,9.9429
200,53.5839,8.2994
200,56.1121,11.1679
200,55.3342,12.1109
200,58.7867,11.508
200,54.2197,10.0607
200,56.1551,10.3239
200,57.0102,9.5823
200,54.8972,11.0196
200,56.0262,11.454
200,61.4816,11.5232
200,54.3385,9.8416
200,54.0709,9.2952
200,54.1896,10.8324
200,57.162,11.6638
200,56.4799,10.8819
200,55.7536,10.2755
200,56.7293,11.1113
200,53.2524,12.2547
200,55.3837,8.6429
200,54.9812,10.1682
200,56.1457,11.2213
200,55.3003,11.4305
200,56.8067,11.409
200,54.4672,11.7006
200,52.5773,11.0968
200,47.9412,11.8024
200,60.0508,12.1663
200,55.6347,10.9407
200,55.7616,12.021
200,54.6033,11.3189
200,55.4087,12.1351
200,57.0731,10.2968
200,54.4174,10.7953
200,56.5,9.9683
200,55.6462,9.8769
200,58.7371,11.3852
200,55.2085,10.5284
200,57.005,10.3433
200,56.0059,10.3845
200,55.18,11.2703
200,55.7279,11.2978
200,57.0128,11.5013
200,54.8277,10.9899
200,56.5861,9.9084
200,55.6485,12.1178
200,57.9053,11.4998
200,54.4698,11.0263
200,55.6707,9.9873
200,59.5292,11.2298
200,56.3078,9.0759
200,56.4608,9.9349
200,58.0816,10.9704
200,57.5525,11.8594
200,53.1283,10.2895
200,55.0191,10.3584
200,56.0449,11.4028
200,54.4612,9.8698
200,57.4253,9.7235
200,58.8941,11.6385
200,55.175,10.5222
200,57.1085,11.5389
200,59.6691,11.3236
200,49.3046,9.2985
200,52.6524,10.4831
200,59.9668,10.8934
200,54.3428,10.597
200,55.5735,9.7512
200,56.2092,11.1717
200,55.0317,10.9608
200,54.5353,11.0137
200,55.0527,11.117
200,49.7252,11.858
200,55.5148,11.0204
200,57.6077,9.9874
200,53.7995,11.1376
200,56.6638,11.1184
200,56.9923,10.4207
200,60.0928,11.5376
200,52.8184,10.8434
200,55.7316,10.5104
200,56.1591,11.8822
200,53.5375,11.583
200,60.7974,10.85
200,57.1447,10.6197
200,62.143,11.089
200,52.9001,10.8881
200,55.9018,10.0652
200,55.592,10.1284
200,53.8102,10.3292
200,54.2169,11.681
200,55.4606,9.3501
200,55.9844,11.5584
200,55.8263,10.2717
200,55.4006,9.9344
200,61.7457,10.7309
200,56.0772,11.8619
200,61.9092,10.2461
200,62.4767,10.521
200,55.6345,9.5049
200,57.4587,10.9853
200,61.7152,9.7726
200,53.8192,11.3589
200,60.861,10.6563
200,55.5942,9.8711
200,54.9571,11.1962
200,56.7347,9.8762
200,51.0949,10.6235
200,61.2284,11.4519
200,62.9404,11.7694
200,55.3759,10.1066
200,57.4512,10.403
200,55.7896,10.9438
200,56.1387,11.3341
200,53.567,11.1607
200,53.5401,9.7031
200,61.1637,10.6281
200,56.2523,10.7927
200,52.4416,11.2404
200,56.6431,9.9978
200,55.8305,11.218
200,56.3431,9.5626
200,58.3948,10.3425
200,57.1005,9.8627
200,57.305,9.7886
200,52.7062,10.9541
200,55.6314,9.9408
200,55.7468,9.3148
200,55.8428,10.411
200,57.7599,9.5183
200,56.9304,11.8432
200,55.5747,11.7924
200,55.3152,10
200,55.4642,9.3115
200,54.8905,7.5502
200,55.386,7.5159
200,55.864,7.9465
200,59.3972,7.5935
200,57.2521,7.6476
200,56.2742,7.6655
200,55.1618,7.6345
200,53.4947,7.6478
200,56.1293,8.1112
200,54.7705,7.726
200,55.0515,7.3393
200,57.3973,7.2639
200,56.4443,7.3277
200,57.7717,7.6414
200,53.8376,7.6038
200,55.3244,7.5463
200,54.1753,7.5519
200,56.21,7.5135
200,55.0992,8.1695
200,56.118,8.0808
200,55.5836,7.9094
200,52.3684,7.4822
200,55.6783,7.7596
200,57.7106,7.3085
200,54.4277,7.6074
200,56.7356,7.5428
200,60.2847,7.6397
200,60.6108,7.8472
200,59.5472,7.5282
200,60.03,7.2289
200,53.1139,7.7165
200,54.4319,7.5471
200,56.7154,7.6839
200,56.0446,7.8181
200,53.6761,7.5132
200,55.2199,8.1255
200,55.5741,7.7788
200,54.9821,7.4402
200,60.0348,7.5799
200,57.2412,7.7498
200,59.9527,7.7391
200,55.3525,7.3552
200,55.8702,8.1842
200,57.5048,7.4599
200,59.2374,7.5076
200,56.5447,7.4474
200,55.7891,7.4609
200,55.6899,7.625
200,55.4639,7.5464
200,55.4007,7.4149
200,57.586,7.3458
200,58.0823,7.1999
200,60.6022,7.5332
200,55.1232,7.2805
200,61.8098,7.742
200,58.8685,7.8061
200,55.7117,7.6084
200,54.9869,7.2514
200,57.014,7.3271
200,61.3865,8.0809
200,56.8302,7.6997
200,56.0356,7.1594
200,56.9714,7.589
200,57.1772,7.6029
200,52.6707,8.0113
200,60.0902,7.3997
200,51.3437,7.773
200,53.24,7.5079
200,57.4514,7.6433
200,57.1788,7.7075
200,55.8397,7.3285
200,56.491,8.4703
200,59.8083,7.7092
200,56.5014,7.6201
200,56.5032,7.594
200,57.0399,7.4228
200,56.2352,8.1204
200,61.1774,7.5584
200,55.3098,7.5246
200,53.9408,7.6534
200,53.5934,7.5751
200,60.7534,7.7047
200,53.2266,7.6359
200,55.7624,7.815
200,55.3082,7.418
200,56.4253,7.3571
200,54.6538,7.5906
200,56.1229,7.5343
200,59.2614,7.7865
200,58.3769,8.1562
200,54.1763,7.4274
200,57.1214,7.8897
200,57.2365,7.6102
200,56.8513,7.3235
200,59.5112,7.5413
200,56.201,7.3848
200,55.8159,7.3091
200,56.9379,7.4848
200,61.2108,7.8603
200,55.7693,7.3459
200,55.6058,7.5466
200,54.4175,7.6982
200,60.0837,7.7795
200,55.281,7.3735
200,56.2967,7.1465
200,61.0111,7.7026
200,52.2976,7.2738
200,55.5292,7.8749
200,56.8706,7.2786
200,57.7819,7.3434
200,59.1623,7.7309
200,55.0122,7.4392
200,55.0141,7.4005
200,57.6436,8.3884
200,52.8176,7.7341
200,56.573,7.6488
200,56.5993,7.6686
200,56.7844,8.6558
200,59.363,8.9566
200,57.7156,8.4832
200,54.0611,8.2861
200,55.2519,7.7696
200,54.5641,7.7706
200,54.9643,7.957
200,50.2976,7.9425
200,51.8051,7.8633
200,54.7895,8.0195
200,57.1383,7.7543
200,54.3195,7.4718
200,54.611,7.8147
200,55.3996,7.6769
200,59.765,7.7863
200,56.3678,7.799
200,54.6713,7.8154
200,53.8991,7.4878
200,55.464,7.9516
200,56.6826,8.1214
200,58.7917,7.819
200,56.9188,7.6419
200,52.8019,7.8487
200,54.1071,7.6565
200,55.4973,7.8331
200,55.1677,7.6169
200,55.4628,7.517
200,57.5077,7.5013
200,56.8031,8.1445
200,55.5379,7.6457
200,60.1387,7.5189
200,54.6775,7.8008
200,59.602,7.6263
200,59.0583,7.6758
200,52.8727,7.7689
200,53.9101,7.7384
200,60.191,7.8643
200,54.4169,7.4544
200,60.3233,7.8654
200,55.3128,7.5325
200,53.6683,7.8174
200,56.9093,7.8779
200,59.5417,8.1455
200,54.9424,8.2263
200,60.6363,7.845
200,57.7339,8.241
200,56.771,7.9122
200,56.0086,7.469
200,55.577,7.8175
200,56.8266,7.7696
200,55.5111,7.922
200,55.5412,7.6595
200,56.6435,7.8633
200,57.1878,8.5836
200,54.4231,7.8644
200,55.1056,7.4711
200,49.3664,7.6446
200,62.3805,7.9268
200,56.723,7.7523
200,55.605,7.8549
200,56.0801,8.2963
200,58.4097,7.7219
200,57.7113,8.0994
200,54.834,7.6273
200,57.2477,8.3034
200,56.2492,8.0987
200,62.0254,7.7071
200,55.9981,7.9111
200,58.3654,7.6898
200,55.6022,7.5012
200,55.4149,8.1642
200,58.1036,7.6877
200,56.1153,7.7386
200,54.5334,7.7393
200,57.5753,7.6116
200,58.9316,7.4075
200,62.4167,7.6769
200,54.4738,7.595
200,53.4362,7.893
200,54.9091,8.6768
200,53.85,7.7292
200,57.1343,7.5615
200,53.9496,7.8891
200,56.1913,7.9448
200,56.3093,7.8158
200,55.7813,7.6561
200,54.0969,7.751
200,57.8361,7.7652
200,55.2878,8.2826
200,54.2047,8.3343
200,54.6635,8.1526
200,56.3585,7.6897
200,57.8856,7.9234
200,54.4141,7.62
200,59.9743,7.8416
200,56.3341,7.5885
200,58.769,7.482
200,60.3316,7.5184
200,57.4781,7.7821
200,57.8201,7.8657
200,55.3251,7.9777
200,59.7763,8.0392
200,61.8948,7.7152
200,54.2713,7.683
200,55.9872,7.7046
200,60.7481,7.6374
200,57.1247,7.7206
200,56.2365,7.7019
200,56.3516,7.8917
200,54.9466,7.9094
200,52.1975,7.6258
200,60.9913,8.0748
200,54.7708,7.7326
200,56.374,7.6249
200,56.9267,7.5873
200,57.8801,8.1017
200,57.0469,7.4736
200,54.1902,7.6549
200,57.1708,7.7232
200,54.5429,7.7836
200,55.0674,7.9208
200,55.8095,7.6003
200,59.5628,8.0892
200,61.7056,7.9998
200,58.1648,7.9207
200,56.5462,7.9061
200,57.1904,7.8605
200,54.5922,7.8424
200,57.5005,8.1394
200,55.6098,8.8675
200,55.7562,7.8654
200,53.1152,8.0496
200,54.9388,7.7862
200,53.423,7.8799
200,57.0072,8.2226
200,54.5105,8.0049
200,56.1034,7.9424
200,53.8661,8.2253
200,55.9102,7.831
200,53.6694,8.1455
200,59.3731,7.6436
200,55.0269,7.8204
200,56.9833,7.1742
200,54.0729,7.8966
200,54.92,7.8788
200,57.0442,8.3562
200,60.5406,7.597
200,54.7123,7.7579
200,58.7225,7.8925
200,61.2242,7.7972
200,57.3798,7.6915
200,55.7616,7.6751
200,54.9001,7.8779
200,63.3946,7.393
200,53.9352,7.5971
200,55.019,8.0663
200,56.1494,8.1455
200,59.1179,8.2888
200,55.315,7.7988
200,54.5268,7.3433
200,53.0924,8.0993
200,55.4943,8.0518
200,55.0644,8.3659
200,61.6293,7.8946
200,60.0283,7.8955
200,56.4641,7.721
200,53.8222,7.9111
200,59.4888,7.8487
200,55.7655,8.0351
200,54.0214,7.8799
200,56.7078,7.8633
200,56.3843,7.4938
200,54.8148,7.8239
200,56.5922,7.7706
200,55.0821,7.4252
200,61.6755,7.8439
200,57.2479,8.1423
200,57.3074,8.0862
200,54.4503,7.7741
200,61.6753,7.77
200,55.7115,8.207
200,55.4817,8.1316
200,54.2828,7.6974
200,55.0527,7.8109
200,52.5844,7.7757
200,54.2559,7.6083
200,56.8169,7.6361
200,62.0597,7.7364
200,61.1182,7.755
200,55.4206,8.0195
200,55.1688,7.8332
200,59.2167,7.6907
200,61.9751,7.6915
200,58.8467,8.1611
200,53.0191,7.6904
200,55.6954,7.5669
200,56.9247,7.47
200,54.0729,7.5821
200,53.7106,7.7356
200,56.7131,8.0528
200,57.4985,7.5967
200,56.7826,7.722
200,54.7989,7.7081
200,58.7007,8.318
200,55.029,8.4284
200,57.8074,7.955
200,57.1285,8.2808
200,55.929,8.0663
200,55.4735,7.4179
200,56.7662,7.4229
200,53.8384,8.0969
200,55.3879,7.8609
200,54.912,7.7481
200,60.7391,7.7797
200,56.8578,8.0328
200,56.0655,7.6879
200,52.6109,7.9709
200,56.4843,7.8907
200,53.9063,7.6405
200,57.2805,7.8187
200,55.4868,7.8137
200,55.9352,8.0013
200,56.8029,7.8941
200,54.4013,7.5637
200,56.0347,7.7873
200,55.6486,7.9855
200,55.8227,7.9888
200,56.4202,7.8393
200,57.168,8.2049
200,58.6531,7.7906
200,58.3452,7.7185
200,57.7369,7.7685
200,54.4294,8.03
200,60.202,7.9229
200,56.8973,7.5434
200,58.5134,8.2479
200,52.0173,7.69
200,60.7742,7.834
200,59.2837,7.8771
200,55.5975,7.8476
200,56.9847,7.7482
200,54.257,7.5423
200,54.6854,7.8037
200,49.9333,7.7802
200,56.1805,8.0042
200,56.9016,7.5029
200,60.4238,8.1382
200,54.2593,7.6043
200,55.8288,7.7172
200,57.1037,7.7466
200,54.2531,7.6755
200,54.9784,8.1075
200,57.2353,8.0781
200,56.5424,7.896
200,63.2803,8.1393
200,54.3961,7.5435
200,60.4714,7.9306
200,54.1758,7.7974
200,55.2272,8.0605
200,54.6822,7.5945
200,54.2803,7.9862
200,56.8275,7.7844
200,54.3199,7.9053
200,56.554,7.8113
200,63.5822,7.8704
200,58.3181,7.6125
200,55.5596,7.8303
200,54.7267,8.0191
200,56.7309,7.3456
200,55.9903,8.4431
200,54.4197,7.6383
200,60.8466,7.7097
200,61.9043,8.398
200,54.1741,8.0317
200,54.1553,7.6768
200,55.6334,7.988
200,59.1014,8.0802
200,58.4619,7.8632
200,57.9333,7.4678
200,55.8256,7.8528
200,54.527,7.8711
200,55.1657,7.9752
200,55.523,7.9399
200,55.0295,8.0328
200,54.9487,7.8749
200,50.5875,7.7483
200,57.6484,7.8618
200,55.1625,7.6267
200,56.0412,7.895
200,53.4397,7.7463
200,55.0821,8.1103
200,55.4034,8.5489
200,53.5789,7.8877
200,57.3604,7.8444
200,55.1052,7.6755
200,56.9084,8.5225
200,55.6953,8.1905
200,55.2294,7.6831
200,55.6822,7.8749
200,60.245,7.8444
200,57.8253,7.7059
200,60.1867,7.8547
200,59.3783,7.9535
200,55.3807,7.7018
200,55.6206,7.8963
200,56.2973,7.7037
200,62.1961,8.0791
200,53.1914,8.0764
200,53.5177,7.5831
200,53.1477,8.0017
200,59.3806,7.7169
200,54.9326,8.0182
200,56.4924,7.9074
50,56.1981,2.1977
50,53.6649,2.3393
50,45.1819,2.0057
50,60.1958,1.8542
50,52.4113,1.87
50,53.73,2.0569
50,55.6316,1.8351
50,55.7191,2.0849
50,49.9,1.9427
50,53.6224,1.9318
50,53.6722,1.9758
50,47.84,1.8502
50,50.2528,1.9768
50,51.438,2.0199
50,56.5175,2.1508
50,47.5738,1.8717
50,54.5798,1.9942
50,55.2437,1.8496
50,46.9102,2.2262
50,46.5666,2.2375
50,54.4015,1.7584
50,51.2675,2.0726
50,52.2036,1.932
50,54.9082,2.0712
50,47.1998,1.9257
50,46.8614,1.9941
50,52.9206,1.9629
50,52.3209,2.0559
50,54.3386,2.237
50,54.6698,1.9637
50,55.4842,2.0093
50,49.33,2.0379
50,53.0425,1.9621
50,46.6926,1.9632
50,54.5504,1.8382
50,53.8083,2.1035
50,46.9495,1.9954
50,52.5514,1.8511
50,48.9539,1.9448
50,54.8296,2.0109
50,54.009,2.0578
50,52.9526,2.0412
50,55.7331,1.9465
50,52.5382,2.1815
50,52.2101,2.0752
50,52.7115,2.0402
50,56.7611,2.1921
50,53.4486,1.9979
50,54.6803,2.054
50,53.3403,1.9332
50,47.5741,1.9837
50,53.5386,1.8422
50,53.1103,1.8838
50,47.2453,2.0728
50,55.4673,2.0389
50,52.947,2.0513
50,53.2053,2.1037
50,54.3311,2.008
50,47.2863,1.8836
50,56.5571,1.8386
50,52.8394,2.0398
50,55.4391,1.8192
50,45.007,1.9616
50,55.7099,2.1801
50,58.0126,1.8524
50,54.3096,1.945
50,54.3222,1.8854
50,61.4368,2.1185
50,46.6142,2.0092
50,53.8053,1.8957
50,52.7029,1.9005
50,47.5566,2.0252
50,52.0881,2.1655
50,61.4379,2.037
50,46.5732,1.9897
50,55.0957,1.9474
50,52.0429,1.9939
50,50.9095,1.8492
50,47.0333,1.9173
50,52.7807,1.9465
50,51.7604,2.0574
50,60.2049,2.0574
50,47.147,2.0071
50,53.735,1.9308
50,47.2927,2.0208
50,55.8485,2.037
50,53.9402,2.0799
50,54.458,2.1071
50,52.9475,2.036
50,47.4502,1.9801
50,55.3071,1.9401
50,46.9547,1.8493
50,53.5082,2.1496
50,55.2796,2.0372
50,52.1967,2.2241
50,47.1409,2.1378
50,46.2942,1.8896
50,57.6461,2.0265
50,46.402,2.015
50,47.1782,1.8903
50,53.1567,1.9191
50,52.9253,1.9331
50,45.7613,2.117
50,53.1783,1.9802
50,53.3298,2.0966
50,51.0912,2.0842
50,55.0349,1.8827
50,52.4476,2.0698
50,55.3342,2.2767
50,58.048,2.0251
50,61.2115,2.0535
50,46.863,1.9313
50,45.9073,2.0206
50,56.611,1.931
50,55.1531,1.9744
50,53.6431,1.805
50,53.132,2.0684
50,54.0392,1.8328
50,53.5459,2.2442
50,53.4909,1.8835
50,55.2505,1.9125
50,59.4016,2.1026
50,56.3346,2.0236
50,53.802,2.0037
50,51.0234,1.9788
50,53.1821,1.9017
50,54.6436,2.0568
50,54.0084,1.819
50,51.4187,1.8684
50,53.783,1.897
50,54.6403,1.7905
50,48.0546,1.9455
50,53.849,1.9775
50,53.6831,1.8809
50,45.3956,1.9232
50,52.7104,1.9319
50,52.7006,1.9644
50,45.9149,2.0254
50,45.692,2.057
50,48.159,2.0862
50,52.6949,1.9421
50,53.4663,2.0413
50,48.2383,2.0551
50,57.4542,2.042
50,50.8474,1.9643
50,54.2026,1.9427
50,55.673,1.853
50,52.924,1.978
50,54.293,2.0326
50,54.1576,1.9769
50,51.6648,2.0074
50,52.6457,1.9652
50,54.1836,2.0236
50,54.9462,1.8963
50,52.9366,2.0858
50,54.8947,2.1923
50,54.8457,2.0132
50,45.3783,2.0552
50,51.9779,1.9544
50,55.4262,1.9662
50,48.3566,2.051
50,48.4745,1.9114
50,54.2618,1.9803
50,45.9126,2.1334
50,53.1429,1.8576
50,54.9418,2.0776
50,53.4133,1.8521
50,53.538,1.8985
50,55.9385,2.0044
50,51.1434,1.9783
50,51.6508,2.0094
50,48.3817,2.0678
50,52.2548,2.0393
50,46.247,1.9041
50,48.7075,1.8824
50,46.6809,2.0094
50,47.8279,2.087
50,56.9273,2.069
50,54.852,2.0412
50,48.7601,2.0606
50,53.9559,1.911
50,54.3573,2.0101
50,54.7312,1.9749
50,53.5655,2.0705
50,52.2577,1.862
50,46.3277,1.9663
50,51.8143,2.0362
50,53.2727,2.043
50,50.042,1.8981
50,54.6142,2.04
50,49.6856,2.102
50,58.3458,2.0581
50,52.0649,1.915
50,49.8819,1.9733
50,47.1982,2.0787
50,51.4556,2.1683
50,51.7899,2.0072
50,52.5117,1.8851
50,54.4857,2.4047
50,49.9144,2.0397
50,55.6655,1.9927
50,55.7365,2.0218
50,55.4557,1.9303
50,50.4559,1.9943
50,51.8182,2.0513
50,48.4662,1.9241
50,48.4933,1.9447
50,52.2749,1.9439
50,52.1138,1.8087
50,51.7572,1.9278
50,47.5602,2.0436
50,50.8802,2.0808
50,47.6846,1.8192
50,55.9306,2.3374
50,45.7836,1.9758
50,47.1497,2.0555
50,58.1205,1.8698
50,53.812,2.1021
50,52.0389,1.8496
50,46.3878,1.9943
50,46.0726,1.9145
50,49.9146,2.0432
50,52.1174,2.1134
50,53.4747,2.1165
50,54.222,1.9733
50,47.4587,1.8528
50,47.1165,1.9139
50,49.8333,2.0743
50,54.3765,2.2124
50,55.6567,2.002
50,53.6209,1.9103
50,50.4774,2.0883
50,55.6925,2.2116
50,45.4004,2.0732
50,48.2082,2.0598
50,51.3523,1.853
50,51.7664,1.8676
50,49.4799,1.9492
50,47.6887,2.1646
50,47.3841,1.8988
50,47.8035,1.9912
50,45.6728,2.0829
50,52.3232,1.9959
50,47.5874,2.116
50,56.3607,2.0423
50,48.0101,1.9005
50,52.27,2.072
50,45.3476,1.9927
50,54.1366,1.8536
50,51.0308,2.0089
50,52.0069,1.8977
50,53.8903,2.0233
50,54.0395,2.0727
50,51.6258,1.8997
50,48.4074,1.7729
50,51.65,2.0876
50,51.2649,2.0085
50,54.1396,1.9936
50,53.5493,2.0248
50,53.1227,1.7816
50,50.181,1.977
50,56.2775,2.0703
50,45.6075,2.0846
50,55.8751,1.9583
50,56.7395,2.0103
50,48.235,2.057
50,54.3411,2.1961
50,54.3715,2.064
50,53.3783,1.8579
50,53.4487,2.0388
50,54.9748,1.9932
50,55.4605,1.8029
50,55.7628,1.9799
50,50.747,2.0029
50,44.9506,1.9815
50,53.5228,2.0338
50,55.111,1.9947
50,47.6248,2.0285
50,55.9962,2.0366
50,52.4874,2.0223
50,52.7145,2.0499
50,50.3047,1.8974
50,52.7621,2.0586
50,55.6918,1.9454
50,52.9631,1.8009
50,46.8584,2.0556
50,53.9998,1.9932
50,48.9928,2.2949
50,54.9016,2.1799
50,55.4393,2.0582
50,51.9334,2.1345
50,51.8966,1.9324
50,55.6798,2.0114
50,55.5955,2.0234
50,46.2094,1.9136
50,52.3615,2.1305
50,54.8179,1.9147
50,56.0788,1.9791
50,50.3699,1.8989
50,48.2078,2.0968
50,46.5477,1.9159
50,52.3035,1.8965
50,48.1893,1.8826
50,53.7032,2.0062
50,45.3581,2.1672
50,55.799,2.0903
50,46.7119,2.0119
50,55.1469,2.1339
50,49.4182,2.0396
50,53.4418,2.0863
50,50.4479,1.9755
50,51.01,1.9414
50,52.5942,1.9771
50,55.254,1.9924
50,46.9642,2
50,53.9912,1.9106
50,57.9779,2.0268
50,53.49,2.0123
50,44.9495,1.836
50,54.9058,2.2892
50,53.7173,2.0557
50,56.2552,2.1484
50,51.0519,1.9323
50,46.961,2.0073
50,53.4377,1.9588
50,54.1753,1.9548
50,49.0827,2.0715
50,53.2514,1.9027
50,50.7901,1.9938
50,46.689,1.834
50,55.9041,1.8388
50,51.4012,2.1638
50,54.0667,2.0095
50,54.2751,2.0094
50,54.279,2.0382
50,45.4085,1.9894
50,48.3301,1.9019
50,54.5696,2.0221
50,58.9354,2.0874
50,50.0225,2.051
50,54.3945,2.1052
50,46.7974,2.0863
50,48.1303,2.0828
50,58.9866,1.9147
50,55.711,2.0241
50,51.7916,1.9774
50,54.0624,2.0106
50,50.1707,1.9941
50,52.6845,2.1329
50,45.6225,1.9737
50,47.2454,1.9781
50,51.5583,1.8855
50,54.2278,2.0243
50,55.7664,1.9609
50,52.5935,2.291
50,47.1817,1.8744
50,52.8157,2.0775
50,55.3345,1.9699
50,52.41,1.972
50,55.0932,2.058
50,51.9337,1.9703
50,52.4242,1.8811
50,54.4287,2.0063
50,57.6171,2.0865
50,51.6653,2.0344
50,54.2937,1.9328
50,60.8209,1.9847
50,54.8489,1.8879
50,51.3839,1.9815
50,45.9049,1.9667
50,50.686,2.0597
50,54.811,2.1803
50,55.1656,1.9576
50,49.051,2.0953
50,54.4781,1.9434
50,51.7322,2.1962
50,51.9047,2.2587
50,46.7979,2.118
50,47.8862,1.9636
50,52.7231,1.7901
50,54.7853,2.1196
50,48.047,1.941
50,46.6427,2.1495
50,47.9252,1.9241
50,55.6505,1.9894
50,52.9622,1.9711
50,55.1816,2.0262
50,52.4021,2.0645
50,49.2348,2.028
50,51.2226,2.0208
50,47.268,1.8955
50,48.7191,1.8927
50,56.8941,1.8824
50,55.1861,1.9908
50,51.7493,1.978
50,54.5894,1.916
50,47.4275,1.962
50,51.0505,2.0674
50,54.3996,2.1635
50,52.3012,1.9326
50,54.2644,2.0236
50,53.4402,1.9779
50,53.4208,2.026
50,55.6008,1.7763
50,55.7583,2.7456
50,56.0139,2.3367
50,53.9469,2.2271
50,54.6455,2.1009
50,46.0649,2.1142
50,50.1797,2.0131
50,52.0162,2.0141
50,50.1757,2.1832
50,54.149,2.0246
50,56.6669,1.8856
50,56.0419,1.8951
50,53.4429,2.0249
50,51.0272,2.1564
50,56.2923,2.0213
50,50.3384,1.9155
50,46.2967,2.0991
50,45.7251,1.9342
50,53.2206,2.2777
50,48.6221,2.0506
50,50.7891,1.9588
50,46.5719,2.2246
50,45.0824,2.0887
50,47.4446,2.0244
50,53.2098,2.2301
50,45.9238,1.9777
50,57.7548,2.1218
50,54.0401,1.8446
50,52.3463,2.0516
50,54.7273,1.944
50,54.0582,2.1344
50,52.6746,2.2601
50,53.9353,2.097
50,54.4862,1.9717
50,46.4735,2.2909
50,53.7601,2.1628
50,54.5936,2.0578
50,49.6458,2.0091
50,50.5631,1.9001
50,51.4431,1.9617
50,52.8834,2.1503
50,54.7132,1.977
50,52.0297,2.1181
50,53.1977,2.0262
50,52.8435,1.9306
50,53.6504,1.9585
50,55.3017,2.0587
50,51.7301,2.0718
50,47.6603,1.8986
50,53.0373,2.1176
50,55.1769,2.2135
50,53.6663,2.0304
50,55.2756,2.0132
50,50.7044,2.1268
50,53.5251,2.1554
50,54.9083,1.9463
50,57.3673,1.9174
50,50.9808,2.0417
50,54.0768,2.1344
50,46.5405,1.9552
50,53.0273,2.1303
50,56.992,2.3763
50,46.671,2.1017
50,54.1684,1.9763
50,53.7189,2.04
50,55.0316,1.8815
50,52.5565,2.0093
50,47.3753,1.8816
50,52.4124,2.1673
50,52.0487,2.023
50,53.5233,2.1002
50,49.3766,1.742
50,46.1829,2.0081
50,54.5057,2.0356
50,47.4288,1.98
50,54.1116,2.2751
50,46.3491,1.867
50,46.2391,2.1494
50,56.3108,2.1964
50,58.6709,2.1352
50,46.9294,2.0485
50,55.9385,2.0112
50,47.9378,2.0058
50,53.3476,1.9304
50,52.2985,2.0155
50,53.9119,1.8799
50,56.6292,2.087
50,52.8656,2.0263
50,53.153,2.0421
50,53.8199,1.9481
50,53.9863,2.0766
50,49.1938,1.9882
50,52.2552,2.1006
50,52.8928,2.0237
50,58.7158,1.98
50,54.4527,2.0099
50,51.5428,2.1284
50,55.0934,1.9963
50,54.0129,2.0328
50,49.1767,2.0726
50,47.5782,1.8928
50,52.8031,1.988
50,44.8599,2.1161
50,46.9967,2.0093
50,47.0823,2.2295
50,49.0325,2.1201
50,51.4063,1.9001
50,45.013,1.9431
50,62.1785,2.1465
50,51.5447,2.0849
50,50.9312,2.0569
50,46.9488,2.1
50,45.5536,2.0565
50,51.9669,1.9157
50,48.5083,2.1196
50,54.0153,2.0096
50,50.8268,2.0321
50,50.307,2.0819
50,46.8073,1.9476
50,52.6203,2.1415
50,53.0399,1.9908
50,55.4658,1.8611
50,52.1803,2.0371
50,54.3556,2.0109
50,52.4066,2.1582
50,53.2082,2.0423
50,48.6251,2.009
50,55.2042,1.9005
50,52.8577,2.036
50,54.9505,2.2153
50,52.9981,1.9944
50,58.3497,2.2905
50,51.9146,2.0917
50,54.5904,1.8971
50,49.6993,1.9948
50,55.7665,1.8857
50,55.1293,1.995
50,54.1807,1.8989
50,54.9737,1.9014
50,54.2397,2.0707
50,45.8285,2.0556
50,46.2582,1.7877
50,43.9529,1.8215
50,53.2773,1.9261
50,54.7283,2.056
50,55.1247,1.963
50,56.3026,2.0085
50,52.8374,1.8842
50,51.1525,2.1998
50,51.4533,2.3882
50,54.6434,1.9326
50,54.9821,2.1725
50,52.9186,2.0794
50,53.6162,2.0553
50,50.2213,1.9524
50,55.8838,1.9533
50,51.3138,2.0995
50,52.0254,2.1848
50,45.6704,1.8444
50,46.229,1.9421
50,51.8498,1.8922
50,52.4676,2.0249
50,49.8632,1.9182
50,53.1556,1.9278
50,55.9947,1.9475
50,51.5114,2.0561
50,56.4825,2.1181
50,46.2439,2.0083
50,45.8832,1.9589
50,52.7449,2.0432
50,53.546,2.1086
50,53.4964,1.9126
50,56.4409,2.1226
50,46.9595,1.976
50,49.2664,2.0692
50,48.1853,1.8214
50,58.3647,1.7823
50,52.6615,2.1784
50,50.943,1.8957
50,55.3462,2.1985
50,46.9136,2.4951
50,54.5326,2.1989
50,51.9964,2.3219
50,53.9772,2.1798
50,54.9203,1.9193
50,53.373,2.0063
50,61.1977,2.0765
50,55.1697,1.957
50,45.3727,2.1241
50,52.7428,1.9804
50,53.9807,2.1416
50,53.7415,2.0317
50,51.5527,2.2798
50,54.4477,2.1993
50,55.119,1.9585
50,53.0654,2.1162
50,53.0871,1.8794
50,50.9337,1.9954
50,46.3095,2.0001
50,56.1516,1.9252
50,51.9251,1.8893
50,46.8338,1.8814
50,46.4573,1.8646
50,52.4905,1.8115
50,61.4476,1.9314
50,50.974,1.9992
50,52.9372,1.9515
50,55.2848,1.8228
50,55.2073,2.1494
50,51.0225,1.9465
50,57.6499,1.9198
50,45.5872,1.8894
50,51.4534,2.0341
50,54.3318,1.9541
50,54.8763,1.9367
50,43.4438,2.1334
50,55.5096,2.0116
50,53.9075,1.9659
50,48.8016,1.9826
50,49.1565,1.8605
50,55.7944,1.9897
50,54.9283,1.9961
50,51.3262,2.0899
50,53.5197,2.0246
50,59.5951,2.0675
50,52.5171,1.9917
50,47.4471,1.9098
50,53.1918,2.0386
50,47.9751,1.9569
50,46.5681,2.08
50,52.3874,1.8033
50,48.0139,1.8671
50,54.2088,1.9412
50,52.1881,1.9467
50,52.8757,2.0433
50,57.4281,1.994
50,59.437,1.9459
50,52.938,1.9671
50,53.8357,2.3004
50,48.2362,1.8094
50,53.9758,2.023
50,46.7793,1.9281
50,49.367,1.9244
50,46.2551,1.9482
50,59.7398,1.9142
50,52.5618,1.8814
50,54.4603,2.0834
50,45.3741,2.1446
50,55.1453,1.9822
50,47.2433,2.0501
50,55.007,2.027
50,54.658,2.2668
50,55.104,1.9423
50,54.3276,1.9357
50,53.447,1.9372
50,45.3622,1.9682
50,51.3779,1.9029
50,55.9431,1.9976
50,55.699,1.8434
50,52.1682,2.0902
50,53.1691,1.8349
50,55.3373,1.933
50,48.4887,1.8707
50,52.6363,2.0557
50,54.138,1.9129
50,52.9538,2.0441
50,51.438,1.8718
50,55.3304,1.9125
50,52.1323,1.9329
50,45.7162,1.8642
50,50.097,1.9344
50,45.5438,1.9024
50,50.7431,1.9342
50,50.0245,1.9819
50,46.6201,1.8998
50,47.3826,1.9689
50,55.5983,1.9409
50,51.9239,1.8468
50,49.3771,2.2396
50,50.5801,1.8681
50,52.0546,2.1578
50,45.46,1.9985
50,56.6049,2.0759
50,45.5662,2.1042
50,56.1158,1.9342
50,53.4928,1.9365
50,50.5314,1.9931
50,50.1116,1.9704
50,47.3731,2.026
50,56.4224,2.0127
50,52.9438,1.9246
50,46.6128,2.029
50,45.5145,2.1983
50,48.2215,1.9983
50,45.7814,1.8959
50,54.4096,1.9996
50,51.9372,1.9361
50,54.2411,1.9685
50,53.5419,1.8667
50,46.4817,1.8497
50,49.6561,1.9832
50,46.2811,1.9889
50,54.1102,2.1983
50,46.1758,1.8408
50,51.8795,1.9478
50,54.8986,2.0127
50,46.5453,1.9603
50,48.2064,2.064
50,52.6114,1.8109
50,59.9355,1.7869
50,52.6146,1.8946
50,52.6735,2.0009
50,53.9443,1.8487
50,54.4292,1.9513
50,55.8635,2.0134
50,53.9851,1.799
50,52.5182,1.9367
50,47.0293,1.855
50,46.929,2.1477
50,47.9359,2.0728
50,53.6683,2.0817
50,47.8975,1.9814
50,54.8776,1.9875
50,54.6905,2.035
50,53.9468,1.8433
50,59.8652,1.931
50,50.4258,1.967
50,53.636,1.9007
50,48.4237,1.7828
50,52.7324,2.2859
50,55.3915,2.0862
50,56.397,1.9306
50,55.3231,1.9185
50,51.317,2.0447
50,54.5601,1.9109
50,54.557,1.8103
50,51.7908,1.8497
50,56.4217,1.7912
50,53.9525,2.0535
50,48.9914,2.0558
50,47.8644,1.998
50,53.4788,2.046
50,55.6714,2.0101
50,46.1326,1.9485
50,55.1117,1.9426
50,58.9408,1.9848
50,52.78,1.8594
50,48.2667,1.9667
50,54.7975,2.1065
50,48.6071,1.9273
50,46.1924,2.0215
50,57.2535,1.8389
50,47.0755,2.0938
50,54.3853,2.1255
50,53.5384,1.9691
50,50.5037,2.0097
50,53.5306,2.0111
50,51.7675,1.9197
50,55.7877,1.9177
50,52.8324,2.1512
50,48.1649,1.9205
50,53.4935,1.8282
50,51.6224,1.9362
50,52.6445,1.8159
50,52.7581,1.9862
50,46.8658,1.9647
50,53.811,1.9924
50,46.9545,1.8766
50,46.7566,1.8954
50,54.882,1.8485
50,48.0318,1.9212
50,47.7306,1.8064
50,52.9128,2.033
50,45.8,1.8738
50,46.5313,2.1647
50,52.86,1.8218
50,50.4982,1.8714
50,52.6102,1.9393
50,56.9788,1.8382
50,50.5016,1.7942
50,54.8861,1.9605
50,53.4173,1.921
50,53.1491,1.9051
50,47.9391,1.991
50,51.0729,1.9692
50,47.7041,2.0214
50,46.3622,1.9536
50,59.8837,1.9225
50,56.04,1.9462
50,54.052,1.8914
50,53.4897,2.0031
50,53.9631,1.9888
50,55.2928,1.873
50,55.8274,1.922
50,45.0471,1.9599
50,47.472,2.0442
50,48.2161,1.9628
50,54.3196,1.7112
50,56.559,2.0274
50,55.8572,1.95
50,52.9865,1.816
50,55.1133,1.8072
50,52.9149,1.9297
50,53.5256,2.0231
50,50.6141,1.8881
50,53.834,1.9382
50,48.3141,2.0057
50,52.6443,2.0017
50,51.7175,1.9197
50,51.0182,2.0892
50,46.9786,1.7357
50,52.6952,2.1897
50,56.5572,1.9891
50,55.2598,1.9482
50,48.3554,2.1388
50,52.0254,1.9408
50,52.4824,2.2165
50,51.0827,1.9897
50,57.1863,1.9217
50,47.3043,2.0587
50,47.0613,2.2228
50,53.0154,2.1807
50,51.3652,2.1474
50,51.5893,2.0221
50,46.1748,1.8552
50,53.6822,1.8918
50,54.1231,1.9832
50,55.1161,1.9134
50,53.4627,1.9197
50,54.7344,1.8626
50,53.6904,2.1198
50,56.5153,2.0762
50,48.266,2.0262
50,53.6577,1.9868
50,54.1812,1.9318
50,53.3796,1.9148
50,56.2831,1.8482
50,57.52,1.9157
50,55.6734,2.0025
50,54.3583,1.8655
50,52.0314,1.9165
50,52.3668,1.8781
50,53.0617,1.973
50,46.3685,2.0176
50,52.0986,1.8623
50,55.4384,2.0607
50,51.6423,1.819
50,55.1239,1.8715
50,52.9543,1.7828
50,54.8312,1.9802
50,55.542,2.002
50,51.2928,2.0461
50,47.0738,1.8656
50,46.9964,1.9455
50,53.1473,1.8845
50,44.7497,2.0439
50,54.3689,2.0516
50,49.2973,1.9295
50,47.2439,1.9615
50,52.847,1.8174
50,53.0484,1.918
50,47.1075,2.063
50,53.1666,1.9342
50,44.6954,1.8608
50,52.7738,1.8384
50,53.5068,1.8196
50,47.7299,1.9144
50,51.7321,1.8572
50,53.2048,1.93
50,52.0738,1.7802
50,51.475,1.8175
50,53.1861,1.7727
50,48.0916,1.8008
50,45.0737,1.756
50,50.2152,1.6903
50,51.5689,1.8423
50,60.5248,1.8738
50,54.1457,1.88
50,55.7407,1.6833
50,48.0597,1.7329
50,48.6387,1.6101
50,46.4272,1.8224
50,53.1635,1.6947
50,54.2972,1.8111
50,52.1465,1.7758
50,50.702,1.83
50,56.208,1.8518
50,55.0931,1.8061
50,48.8332,1.7698
50,54.7956,1.7393
50,60.8754,1.756
50,49.9207,1.7173
50,53.3682,1.6899
50,56.2682,1.6845
50,53.6387,1.8892
50,47.8939,1.7549
50,52.7498,1.6666
